time,V7_sem_fv,V7_com_fv,V9_sem_fv,V9_com_fv,w_ref_sem_fv,w_ref_com_fv
0.0,1.0437694467123848,1.0481383836566236,1.0128530867824603,1.0219280675046645,1.0,1.0
0.005,1.0437694465485725,1.0481383836594713,1.0128530866555565,1.0219280675084668,1.0,0.9999999999999989
0.01,1.0437694465816907,1.0481383836583698,1.0128530866813903,1.0219280675069782,1.0000000000000007,0.9999999999999971
0.015,1.043769446578178,1.048138383657401,1.0128530866788055,1.0219280675056837,1.0000000000000016,0.9999999999999952
0.02,1.0437694465799374,1.0481383836566118,1.012853086680302,1.0219280675046347,1.0000000000000029,0.9999999999999934
0.025,1.0437694465767335,1.0481383836559912,1.0128530866779417,1.021928067503816,1.0000000000000047,0.9999999999999919
0.03,1.0437694465754666,1.0481383836555855,1.0128530866770764,1.0219280675032862,1.0000000000000067,0.9999999999999906
0.035,1.0437694465734402,1.048138383655396,1.0128530866756156,1.0219280675030458,1.000000000000009,0.9999999999999895
0.04,1.043769446571997,1.0481383836554106,1.0128530866746006,1.0219280675030775,1.0000000000000118,0.9999999999999886
0.045,1.04376944657052,1.048138383655537,1.0128530866735532,1.021928067503257,1.0000000000000149,0.9999999999999881
0.05,1.043769446569278,1.048138383655693,1.0128530866726824,1.0219280675034743,1.0000000000000184,0.9999999999999876
0.055,1.0437694465680922,1.0481383836558382,1.0128530866718508,1.0219280675036753,1.000000000000022,0.9999999999999871
0.06,1.0437694465670442,1.048138383655949,1.0128530866711216,1.0219280675038296,1.0000000000000258,0.9999999999999867
0.065,1.043769446566117,1.0481383836560136,1.012853086670482,1.0219280675039215,1.00000000000003,0.9999999999999863
0.07,1.0437694465652796,1.048138383656031,1.0128530866699077,1.02192806750395,1.0000000000000342,0.9999999999999858
0.075,1.0437694465645377,1.048138383656003,1.0128530866694032,1.021928067503918,1.0000000000000389,0.9999999999999852
0.08,1.0437694465638938,1.0481383836559408,1.0128530866689722,1.0219280675038394,1.0000000000000435,0.9999999999999847
0.085,1.043769446563335,1.0481383836558638,1.012853086668604,1.0219280675037417,1.0000000000000484,0.9999999999999841
0.09,1.0437694465628484,1.0481383836557872,1.0128530866682883,1.0219280675036448,1.0000000000000533,0.9999999999999836
0.095,1.0437694465624328,1.048138383655727,1.0128530866680259,1.0219280675035713,1.0000000000000586,0.999999999999983
0.1,1.0437694465620913,1.0481383836556937,1.0128530866678198,1.021928067503533,1.0000000000000637,0.9999999999999825
0.105,1.0437694465618168,1.0481383836556935,1.0128530866676633,1.021928067503537,1.0000000000000693,0.9999999999999819
0.11,1.043769446561597,1.0481383836557203,1.0128530866675485,1.021928067503577,1.000000000000075,0.9999999999999815
0.115,1.0437694465614364,1.048138383655767,1.012853086667478,1.0219280675036442,1.0000000000000806,0.9999999999999811
0.12,1.043769446561339,1.0481383836558176,1.0128530866674565,1.0219280675037157,1.0000000000000864,0.9999999999999808
0.125,1.0437694465612992,1.048138383655864,1.0128530866674794,1.0219280675037787,1.0000000000000924,0.9999999999999805
0.13,1.043769446561301,1.0481383836559077,1.0128530866675343,1.021928067503838,1.0000000000000984,0.9999999999999801
0.135,1.0437694465613514,1.0481383836559417,1.0128530866676269,1.0219280675038849,1.0000000000001044,0.9999999999999798
0.14,1.043769446561476,1.0481383836559617,1.0128530866677767,1.0219280675039133,1.0000000000001104,0.9999999999999795
0.145,1.043769446561653,1.0481383836559703,1.0128530866679668,1.0219280675039248,1.0000000000001166,0.9999999999999791
0.15,1.0437694465618592,1.0481383836559792,1.0128530866681815,1.0219280675039366,1.0000000000001228,0.9999999999999788
0.155,1.043769446562114,1.0481383836559888,1.012853086668434,1.021928067503952,1.000000000000129,0.9999999999999785
0.16,1.043769446562437,1.0481383836559885,1.0128530866687404,1.0219280675039524,1.0000000000001352,0.9999999999999781
0.165,1.0437694465628091,1.048138383655985,1.0128530866690846,1.0219280675039446,1.0000000000001414,0.9999999999999778
0.17,1.043769446563214,1.0481383836559948,1.0128530866694556,1.0219280675039586,1.0000000000001477,0.9999999999999775
0.175,1.0437694465636718,1.0481383836560074,1.012853086669868,1.021928067503978,1.0000000000001539,0.9999999999999772
0.18,1.0437694465641814,1.0481383836560139,1.0128530866703225,1.0219280675039881,1.00000000000016,0.999999999999977
0.185,1.0437694465647376,1.0481383836560196,1.0128530866708139,1.021928067503995,1.000000000000166,0.9999999999999768
0.19,1.0437694465653404,1.0481383836560247,1.0128530866713419,1.0219280675040026,1.000000000000172,0.9999999999999766
0.195,1.043769446565989,1.0481383836560294,1.0128530866719068,1.0219280675040099,1.0000000000001779,0.9999999999999764
0.2,1.0437694465666842,1.0481383836560312,1.012853086672509,1.0219280675040117,1.0000000000001839,0.9999999999999761
0.205,1.0437694465674265,1.0481383836560318,1.012853086673148,1.0219280675040117,1.0000000000001894,0.999999999999976
0.21,1.0437694465682124,1.0481383836560318,1.0128530866738226,1.0219280675040132,1.000000000000195,0.9999999999999759
0.215,1.0437694465690426,1.0481383836560318,1.012853086674532,1.0219280675040145,1.0000000000002005,0.9999999999999758
0.22,1.043769446569918,1.0481383836560332,1.0128530866752772,1.0219280675040159,1.0000000000002056,0.9999999999999757
0.225,1.0437694465708371,1.0481383836560343,1.0128530866760577,1.0219280675040177,1.0000000000002107,0.9999999999999756
0.23,1.043769446571797,1.0481383836560374,1.012853086676871,1.0219280675040219,1.0000000000002158,0.9999999999999754
0.235,1.043769446572799,1.0481383836560418,1.012853086677718,1.0219280675040283,1.0000000000002207,0.9999999999999752
0.24,1.0437694465738425,1.048138383656048,1.012853086678597,1.0219280675040368,1.0000000000002252,0.9999999999999752
0.245,1.0437694465749248,1.048138383656056,1.0128530866795071,1.0219280675040474,1.0000000000002296,0.9999999999999752
0.25,1.0437694465760454,1.048138383656066,1.0128530866804482,1.0219280675040596,1.0000000000002336,0.9999999999999752
0.255,1.0437694465772045,1.0481383836560756,1.012853086681419,1.0219280675040723,1.0000000000002376,0.9999999999999752
0.26,1.0437694465784009,1.048138383656086,1.01285308668242,1.0219280675040854,1.0000000000002411,0.9999999999999752
0.265,1.0437694465796323,1.0481383836560978,1.0128530866834475,1.0219280675041005,1.0000000000002445,0.9999999999999752
0.27,1.0437694465808958,1.0481383836561098,1.012853086684501,1.0219280675041158,1.0000000000002474,0.9999999999999752
0.275,1.043769446582192,1.048138383656122,1.012853086685581,1.0219280675041307,1.00000000000025,0.9999999999999752
0.28,1.0437694465835234,1.048138383656134,1.0128530866866878,1.021928067504146,1.0000000000002525,0.9999999999999754
0.285,1.0437694465848828,1.0481383836561464,1.0128530866878152,1.0219280675041618,1.0000000000002547,0.9999999999999755
0.29,1.0437694465862624,1.0481383836561604,1.0128530866889605,1.0219280675041773,1.0000000000002565,0.9999999999999756
0.295,1.0437694465876708,1.0481383836561733,1.0128530866901289,1.0219280675041924,1.0000000000002578,0.9999999999999756
0.3,1.0437694465891185,1.0481383836561853,1.0128530866913252,1.021928067504208,1.000000000000259,0.9999999999999757
0.305,1.0437694465905853,1.0481383836561988,1.012853086692534,1.0219280675042242,1.0000000000002596,0.9999999999999758
0.31,1.043769446592053,1.0481383836562126,1.0128530866937482,1.0219280675042388,1.0000000000002598,0.9999999999999759
0.315,1.0437694465935456,1.048138383656225,1.012853086694982,1.0219280675042537,1.0000000000002596,0.999999999999976
0.32,1.043769446595076,1.0481383836562363,1.01285308669624,1.021928067504268,1.0000000000002591,0.9999999999999761
0.325,1.0437694465966159,1.0481383836562486,1.0128530866975038,1.021928067504282,1.0000000000002582,0.9999999999999762
0.33,1.0437694465981517,1.04813838365626,1.0128530866987688,1.0219280675042948,1.000000000000257,0.9999999999999765
0.335,1.0437694465997056,1.0481383836562717,1.0128530867000485,1.0219280675043079,1.0000000000002554,0.9999999999999767
0.34,1.043769446601287,1.0481383836562832,1.0128530867013426,1.0219280675043207,1.0000000000002531,0.9999999999999769
0.345,1.0437694466028682,1.0481383836562947,1.012853086702635,1.0219280675043336,1.0000000000002505,0.9999999999999771
0.35,1.0437694466044274,1.0481383836563054,1.0128530867039187,1.0219280675043452,1.0000000000002471,0.9999999999999774
0.355,1.0437694466060146,1.0481383836563167,1.0128530867052195,1.021928067504357,1.0000000000002436,0.9999999999999776
0.36,1.0437694466076515,1.0481383836563283,1.012853086706543,1.02192806750437,1.0000000000002394,0.9999999999999778
0.365,1.0437694466092429,1.04813838365634,1.0128530867078354,1.0219280675043825,1.0000000000002347,0.999999999999978
0.37,1.0437694466107441,1.04813838365635,1.0128530867090833,1.021928067504393,1.0000000000002298,0.9999999999999782
0.375,1.0437694466123182,1.0481383836563598,1.0128530867103773,1.021928067504404,1.000000000000224,0.9999999999999785
0.38,1.0437694466139902,1.048138383656371,1.0128530867117096,1.021928067504416,1.0000000000002178,0.9999999999999787
0.385,1.0437694466155814,1.0481383836563825,1.0128530867129866,1.0219280675044284,1.0000000000002114,0.9999999999999789
0.39,1.043769446617055,1.0481383836563927,1.0128530867142072,1.0219280675044395,1.000000000000204,0.9999999999999791
0.395,1.043769446618588,1.0481383836564035,1.0128530867154637,1.0219280675044513,1.0000000000001965,0.9999999999999793
0.4,1.0437694466202063,1.0481383836564144,1.0128530867167482,1.0219280675044626,1.0000000000001883,0.9999999999999796
0.405,1.0437694466217227,1.0481383836564246,1.0128530867179641,1.0219280675044735,1.0000000000001794,0.9999999999999798
0.41,1.043769446623082,1.0481383836564353,1.0128530867191035,1.0219280675044844,1.0000000000001703,0.99999999999998
0.415,1.0437694466246052,1.0481383836564466,1.012853086720328,1.0219280675044968,1.0000000000001605,0.9999999999999802
0.42,1.043769446626217,1.0481383836564575,1.012853086721581,1.0219280675045082,1.0000000000001503,0.9999999999999805
0.425,1.0437694466276186,1.048138383656468,1.0128530867227081,1.0219280675045195,1.0000000000001394,0.9999999999999807
0.43,1.0437694466288885,1.0481383836564777,1.0128530867237675,1.0219280675045301,1.0000000000001281,0.9999999999999809
0.435,1.0437694466303398,1.0481383836564881,1.0128530867249195,1.021928067504541,1.0000000000001164,0.9999999999999811
0.44,1.0437694466319227,1.0481383836564977,1.0128530867261183,1.021928067504552,1.000000000000104,0.9999999999999813
0.445,1.0437694466331224,1.0481383836565084,1.0128530867271035,1.0219280675045626,1.000000000000091,0.9999999999999816
0.45,1.0437694466341692,1.0481383836565168,1.012853086728008,1.0219280675045717,1.0000000000000775,0.9999999999999818
0.455,1.0437694466355443,1.0481383836565257,1.0128530867290757,1.021928067504581,1.0000000000000635,0.999999999999982
0.46,1.0437694466370004,1.0481383836565348,1.0128530867301637,1.0219280675045903,1.0000000000000493,0.9999999999999822
0.465,1.0437694466380254,1.0481383836565439,1.012853086731011,1.0219280675045992,1.0000000000000342,0.9999999999999825
0.47,1.0437694466388217,1.0481383836565519,1.01285308673174,1.0219280675046079,1.0000000000000189,0.9999999999999827
0.475,1.0437694466401957,1.0481383836565592,1.0128530867327552,1.0219280675046156,1.0000000000000029,0.9999999999999829
0.48,1.043769446641671,1.0481383836565668,1.0128530867337977,1.0219280675046234,0.9999999999999866,0.9999999999999831
0.485,1.0437694466424752,1.0481383836565739,1.0128530867344796,1.0219280675046305,0.9999999999999697,0.9999999999999833
0.49,1.0437694466431082,1.0481383836565805,1.0128530867350694,1.0219280675046372,0.9999999999999521,0.9999999999999836
0.495,1.0437694466443823,1.0481383836565867,1.0128530867359757,1.0219280675046436,0.9999999999999344,0.9999999999999838
0.5,1.0437694466458538,1.0481383836565925,1.012853086736955,1.0219280675046494,0.9999999999999161,0.999999999999984
0.505,1.043769446646263,1.048138383656597,1.0128530867373773,1.0219280675046538,0.9999999999998974,0.9999999999999842
0.51,1.043769446646456,1.048138383656602,1.0128530867376841,1.021928067504659,0.9999999999998783,0.9999999999999845
0.515,1.0437694466476448,1.048138383656608,1.0128530867384822,1.0219280675046647,0.9999999999998589,0.9999999999999847
0.52,1.0437694466489418,1.0481383836566123,1.012853086739309,1.0219280675046687,0.999999999999839,0.9999999999999849
0.525,1.0437694466490661,1.048138383656616,1.0128530867395233,1.0219280675046722,0.9999999999998188,0.9999999999999851
0.53,1.0437694466488203,1.0481383836566185,1.0128530867395453,1.0219280675046754,0.9999999999997982,0.9999999999999853
0.535,1.0437694466501675,1.048138383656621,1.0128530867403551,1.0219280675046776,0.9999999999997771,0.9999999999999855
0.54,1.0437694466516867,1.0481383836566234,1.0128530867412247,1.0219280675046798,0.9999999999997558,0.9999999999999856
0.545,1.0437694466514802,1.0481383836566254,1.0128530867412067,1.0219280675046816,0.9999999999997342,0.9999999999999857
0.55,1.043769446651029,1.0481383836566276,1.012853086741058,1.0219280675046836,0.9999999999997122,0.9999999999999858
0.555,1.0437694466523386,1.0481383836566291,1.012853086741779,1.021928067504685,0.99999999999969,0.9999999999999859
0.56,1.0437694466540512,1.0481383836566296,1.0128530867426737,1.021928067504685,0.9999999999996675,0.999999999999986
0.565,1.0437694466531129,1.0481383836566303,1.012853086742222,1.0219280675046856,0.9999999999996448,0.9999999999999861
0.57,1.0437694466521021,1.0481383836566305,1.0128530867417254,1.0219280675046853,0.9999999999996219,0.9999999999999862
0.575,1.0437694466531562,1.0481383836566298,1.0128530867422447,1.0219280675046845,0.9999999999995987,0.9999999999999863
0.58,1.0437694466537053,1.048138383656629,1.0128530867424916,1.0219280675046836,0.9999999999995753,0.9999999999999865
0.585,1.0437694466535672,1.0481383836566278,1.0128530867423773,1.0219280675046822,0.9999999999995518,0.9999999999999867
0.59,1.043769446653527,1.0481383836566263,1.0128530867422962,1.0219280675046805,0.999999999999528,0.9999999999999868
0.595,1.0437694466536136,1.0481383836566236,1.0128530867422618,1.021928067504678,0.9999999999995043,0.9999999999999869
0.6,1.0437694466536038,1.0481383836566207,1.0128530867421632,1.0219280675046747,0.9999999999994804,0.999999999999987
0.605,1.043769446653501,1.048138383656619,1.0128530867420014,1.021928067504672,0.9999999999994563,0.9999999999999871
0.61,1.0437694466533707,1.0481383836566152,1.0128530867418097,1.0219280675046687,0.9999999999994322,0.9999999999999872
0.615,1.0437694466532126,1.048138383656611,1.0128530867415892,1.021928067504664,0.9999999999994081,0.9999999999999872
0.62,1.0437694466530063,1.0481383836566074,1.0128530867413292,1.0219280675046603,0.9999999999993839,0.9999999999999872
0.625,1.0437694466527443,1.048138383656603,1.0128530867410253,1.0219280675046558,0.9999999999993597,0.9999999999999872
0.63,1.0437694466524474,1.0481383836565978,1.0128530867406889,1.0219280675046505,0.9999999999993355,0.9999999999999872
0.635,1.0437694466521237,1.0481383836565918,1.0128530867403258,1.0219280675046445,0.9999999999993113,0.9999999999999872
0.64,1.0437694466517546,1.0481383836565858,1.0128530867399261,1.021928067504638,0.9999999999992872,0.9999999999999872
0.645,1.0437694466513374,1.0481383836565805,1.012853086739488,1.0219280675046325,0.9999999999992633,0.9999999999999872
0.65,1.043769446650892,1.0481383836565739,1.0128530867390229,1.0219280675046258,0.9999999999992393,0.9999999999999872
0.655,1.0437694466504284,1.0481383836565674,1.012853086738536,1.021928067504619,0.9999999999992154,0.9999999999999872
0.66,1.0437694466499106,1.0481383836565605,1.0128530867380106,1.021928067504612,0.9999999999991918,0.9999999999999872
0.665,1.0437694466493317,1.0481383836565532,1.012853086737441,1.0219280675046045,0.9999999999991683,0.9999999999999872
0.67,1.0437694466487613,1.0481383836565454,1.0128530867368644,1.0219280675045967,0.999999999999145,0.9999999999999872
0.675,1.0437694466482148,1.0481383836565374,1.012853086736291,1.0219280675045885,0.9999999999991218,0.9999999999999872
0.68,1.043769446647573,1.0481383836565301,1.0128530867356598,1.021928067504581,0.9999999999990989,0.9999999999999872
0.685,1.0437694466468475,1.0481383836565223,1.0128530867349737,1.021928067504573,0.9999999999990763,0.9999999999999872
0.69,1.0437694466461602,1.048138383656514,1.012853086734298,1.021928067504564,0.9999999999990538,0.9999999999999872
0.695,1.0437694466455092,1.0481383836565044,1.0128530867336345,1.0219280675045548,0.9999999999990317,0.9999999999999872
0.7,1.0437694466447744,1.048138383656496,1.0128530867329208,1.0219280675045461,0.9999999999990098,0.9999999999999872
0.705,1.043769446643978,1.0481383836564868,1.0128530867321663,1.021928067504537,0.9999999999989883,0.9999999999999872
0.71,1.0437694466432197,1.0481383836564773,1.012853086731425,1.0219280675045275,0.9999999999989672,0.9999999999999872
0.715,1.0437694466424454,1.048138383656468,1.0128530867306695,1.021928067504518,0.9999999999989463,0.9999999999999872
0.72,1.0437694466416392,1.0481383836564582,1.0128530867298926,1.0219280675045084,0.9999999999989257,0.9999999999999872
0.725,1.04376944664082,1.0481383836564488,1.012853086729104,1.0219280675044986,0.9999999999989057,0.9999999999999872
0.73,1.0437694466399963,1.0481383836564395,1.0128530867283079,1.0219280675044888,0.9999999999988858,0.9999999999999872
0.735,1.0437694466391596,1.0481383836564298,1.0128530867275016,1.021928067504479,0.9999999999988665,0.9999999999999872
0.74,1.0437694466383074,1.04813838365642,1.0128530867266843,1.0219280675044697,0.9999999999988476,0.9999999999999872
0.745,1.0437694466374507,1.04813838365641,1.0128530867258618,1.0219280675044593,0.999999999998829,0.9999999999999872
0.75,1.0437694466365968,1.0481383836563996,1.012853086725038,1.021928067504449,0.9999999999988111,0.9999999999999872
0.755,1.0437694466357377,1.0481383836563898,1.012853086724211,1.0219280675044393,0.9999999999987934,0.9999999999999872
0.76,1.0437694466348681,1.0481383836563793,1.012853086723378,1.0219280675044287,0.9999999999987762,0.9999999999999872
0.765,1.043769446634002,1.0481383836563694,1.0128530867225465,1.0219280675044191,0.9999999999987595,0.9999999999999872
0.77,1.0437694466331455,1.04813838365636,1.0128530867217194,1.0219280675044091,0.9999999999987434,0.9999999999999872
0.775,1.0437694466322884,1.0481383836563496,1.0128530867208931,1.021928067504399,0.9999999999987278,0.9999999999999872
0.78,1.043769446631422,1.0481383836563398,1.0128530867200651,1.021928067504389,0.9999999999987126,0.9999999999999872
0.785,1.043769446630571,1.04813838365633,1.0128530867192478,1.0219280675043791,0.9999999999986979,0.9999999999999872
0.79,1.043769446629754,1.0481383836563203,1.0128530867184462,1.0219280675043696,0.9999999999986838,0.9999999999999872
0.795,1.0437694466289307,1.0481383836563107,1.0128530867176453,1.0219280675043605,0.9999999999986704,0.9999999999999872
0.8,1.043769446628086,1.0481383836563007,1.0128530867168435,1.021928067504351,0.9999999999986573,0.9999999999999872
0.805,1.0437694466272696,1.0481383836562919,1.0128530867160597,1.0219280675043412,0.9999999999986448,0.9999999999999872
0.81,1.0437694466265,1.048138383656282,1.0128530867152987,1.0219280675043314,0.9999999999986328,0.9999999999999872
0.815,1.0437694466257315,1.0481383836562728,1.0128530867145447,1.0219280675043225,0.9999999999986213,0.9999999999999872
0.82,1.043769446624949,1.0481383836562643,1.012853086713796,1.0219280675043139,0.9999999999986104,0.9999999999999872
0.825,1.0437694466242016,1.0481383836562554,1.0128530867130696,1.0219280675043052,0.9999999999986001,0.9999999999999872
0.83,1.043769446623495,1.048138383656247,1.0128530867123675,1.0219280675042968,0.9999999999985903,0.9999999999999872
0.835,1.0437694466227978,1.048138383656239,1.0128530867116798,1.0219280675042886,0.9999999999985811,0.9999999999999873
0.84,1.0437694466221152,1.0481383836562306,1.0128530867110086,1.02192806750428,0.9999999999985725,0.9999999999999875
0.845,1.043769446621461,1.0481383836562224,1.0128530867103607,1.0219280675042721,0.9999999999985643,0.9999999999999876
0.85,1.0437694466208338,1.048138383656215,1.012853086709735,1.021928067504265,0.9999999999985566,0.9999999999999877
0.855,1.043769446620227,1.048138383656208,1.0128530867091292,1.0219280675042575,0.9999999999985496,0.9999999999999878
0.86,1.043769446619645,1.0481383836562008,1.0128530867085461,1.0219280675042506,0.999999999998543,0.9999999999999879
0.865,1.0437694466190965,1.0481383836561937,1.0128530867079912,1.021928067504244,0.999999999998537,0.999999999999988
0.87,1.043769446618579,1.0481383836561873,1.0128530867074623,1.0219280675042373,0.9999999999985314,0.999999999999988
0.875,1.0437694466180847,1.0481383836561817,1.0128530867069556,1.021928067504231,0.9999999999985264,0.9999999999999881
0.88,1.0437694466176195,1.0481383836561755,1.0128530867064767,1.021928067504225,0.999999999998522,0.9999999999999882
0.885,1.0437694466171914,1.0481383836561697,1.0128530867060286,1.0219280675042195,0.9999999999985179,0.9999999999999883
0.89,1.0437694466167962,1.0481383836561642,1.012853086705609,1.0219280675042137,0.9999999999985144,0.9999999999999885
0.895,1.0437694466164273,1.0481383836561593,1.0128530867052143,1.0219280675042088,0.9999999999985114,0.9999999999999886
0.9,1.0437694466160916,1.0481383836561544,1.0128530867048506,1.0219280675042037,0.9999999999985089,0.9999999999999887
0.905,1.0437694466157972,1.0481383836561504,1.0128530867045227,1.0219280675041997,0.9999999999985066,0.9999999999999888
0.91,1.0437694466155345,1.0481383836561469,1.0128530867042218,1.0219280675041962,0.999999999998505,0.9999999999999889
0.915,1.0437694466152998,1.048138383656143,1.0128530867039476,1.0219280675041928,0.9999999999985036,0.999999999999989
0.92,1.0437694466151022,1.04813838365614,1.012853086703708,1.0219280675041889,0.9999999999985028,0.9999999999999891
0.925,1.0437694466149465,1.0481383836561367,1.0128530867035046,1.021928067504186,0.9999999999985022,0.9999999999999892
0.93,1.043769446614825,1.0481383836561338,1.012853086703332,1.0219280675041829,0.999999999998502,0.9999999999999895
0.935,1.0437694466147345,1.0481383836561315,1.0128530867031882,1.0219280675041806,0.9999999999985022,0.9999999999999897
0.94,1.0437694466146816,1.0481383836561302,1.0128530867030785,1.0219280675041793,0.9999999999985028,0.9999999999999899
0.945,1.0437694466146663,1.0481383836561295,1.0128530867030028,1.0219280675041782,0.9999999999985035,0.9999999999999901
0.95,1.043769446614686,1.0481383836561289,1.0128530867029593,1.021928067504177,0.9999999999985048,0.9999999999999903
0.955,1.0437694466147416,1.048138383656128,1.0128530867029482,1.0219280675041764,0.9999999999985062,0.9999999999999906
0.96,1.043769446614834,1.048138383656127,1.012853086702971,1.021928067504176,0.999999999998508,0.9999999999999908
0.965,1.0437694466149632,1.0481383836561273,1.0128530867030274,1.0219280675041753,0.9999999999985099,0.999999999999991
0.97,1.0437694466151257,1.0481383836561275,1.0128530867031147,1.0219280675041755,0.9999999999985121,0.9999999999999912
0.975,1.0437694466153231,1.0481383836561284,1.0128530867032335,1.0219280675041762,0.9999999999985145,0.9999999999999915
0.98,1.0437694466155578,1.0481383836561304,1.0128530867033867,1.021928067504178,0.9999999999985172,0.9999999999999917
0.985,1.0437694466158276,1.0481383836561318,1.012853086703573,1.021928067504179,0.99999999999852,0.9999999999999919
0.99,1.0437694466161291,1.0481383836561329,1.0128530867037884,1.02192806750418,0.999999999998523,0.9999999999999921
0.995,1.0437694466164638,1.0481383836561355,1.0128530867040348,1.0219280675041824,0.9999999999985262,0.9999999999999923
1.0,1.0437694466168341,1.0481383836561384,1.0128530867043137,1.0219280675041849,0.9999999999985294,0.9999999999999926
1.005,0.3090288782088367,0.2883957744797647,0.6485521826943689,0.5841326115391513,0.9999759950868435,0.9999825754367484
1.01,0.304151676708156,0.28997263691438524,0.6437171814454956,0.6005995261669214,0.9999541403840937,0.9999555076211263
1.015,0.29986255343713575,0.2861332591437855,0.6394269214057421,0.5980559055098753,0.9999340852143168,0.9999381993850974
1.02,0.2961049459719361,0.28387594357966484,0.6356318907559146,0.5995726010426042,0.9999156026662063,0.9999277286232193
1.025,0.29276958709257667,0.2823493733967029,0.6322337123344623,0.6024300325749028,0.9998983344016394,0.9999224943894967
1.03,0.28981542592843235,0.28126140437505626,0.629195489816838,0.6057844520343875,0.999882134901461,0.9999209508815734
1.035,0.2871821463366989,0.28043346070288827,0.6264623440645636,0.6091691750081204,0.9998668110648187,0.9999218902893167
1.04,0.284840767401087,0.2797692377120958,0.6240076056148067,0.612354966774968,0.9998522700198655,0.999924508221078
1.045,0.28277631044097334,0.2791988694151185,0.6218166488694877,0.6152197209642615,0.9998384491659276,0.9999280729228931
1.05,0.2809340599142838,0.27868946581087034,0.6198387293772645,0.6177463194605823,0.9998251860176792,0.999932091600335
1.055,0.2792424785254359,0.2782254165793763,0.6180098537307981,0.6199581527760953,0.9998122945999064,0.9999362335088626
1.06,0.2777019783358425,0.2777975377298135,0.6163295799754295,0.6218956551339274,0.9997997663267099,0.9999402419321666
1.065,0.27629952493358273,0.2774007557094061,0.6147858606861862,0.6236021734158136,0.9997875573316561,0.9999439432283529
1.07,0.2750184335473418,0.2770299890036064,0.6133633222100598,0.6251115489013718,0.9997756171562359,0.9999472192218195
1.075,0.2738395121920559,0.27667882089019036,0.6120445555220333,0.626446459813485,0.9997638902117568,0.9999499835620467
1.08,0.272747020274924,0.2763385891671378,0.6108156950021097,0.6276161574489458,0.9997523300031761,0.9999521720348375
1.085,0.2717267722624604,0.2759989919137543,0.6096642885417312,0.6286199710275728,0.999740894273876,0.9999537335941264
1.09,0.27076926917722144,0.27564877149418526,0.6085819384930969,0.6294503748509104,0.999729555968298,0.9999546273038146
1.095,0.2698650385171424,0.2752763856575868,0.6075610008490664,0.6300954255574066,0.9997182853952665,0.9999548218666927
1.1,0.2690035119421504,0.27487083025548087,0.6065923548937133,0.6305421393261698,0.999707052892954,0.9999542948230866
1.105,0.26817676542063257,0.274422579568598,0.605670176472061,0.630779978168828,0.9996958319245233,0.9999530330625813
1.11,0.2673765135811529,0.273924073616976,0.6047874052851685,0.6308025312792013,0.9996846011421187,0.9999510346180899
1.115,0.26659840023504733,0.27337032890722096,0.6039414464311194,0.6306099882843105,0.9996733440935434,0.9999483078362428
1.12,0.26583560962029995,0.27275915287221336,0.6031264036454033,0.630210084899675,0.9996620464627141,0.9999448716939372
1.125,0.26508631875604943,0.2720904434494156,0.6023427924740172,0.6296158062237056,0.9996506953135975,0.9999407546500954
1.13,0.2643426022743163,0.2713665151438335,0.6015830368102416,0.6288464557908725,0.999639279244602,0.9999359931781598
1.135,0.26360631891402925,0.2705911442581468,0.600852041119448,0.627924642269625,0.9996277887238254,0.9999306298202814
1.14,0.26286658163123133,0.2697691856225593,0.600137981270132,0.6268750292066363,0.9996162160099903,0.9999247110004587
1.145,0.2621319317881683,0.26890608407580047,0.599453938235045,0.6257230001785413,0.9996045550217773,0.9999182850130225
1.15,0.2613839749921214,0.2680077227868908,0.5987782866652065,0.624494115744529,0.9995928010283001,0.9999114003531592
1.155,0.260637774431955,0.2670800081697698,0.5981321919092973,0.6232129873412565,0.999580950374468,0.9999041044359516
1.16,0.2598806748841738,0.2661287128569352,0.5975013038467799,0.6219028085061649,0.9995690015652379,0.9998964427134627
1.165,0.2591203643388167,0.265159395477579,0.5968956637330959,0.6205852162133764,0.999556953345761,0.9998884579298533
1.17,0.25834174796015136,0.2641770845862434,0.5962988200840299,0.6192793692793022,0.9995448053576733,0.9998801897228659
1.175,0.25756304576276356,0.2631867681246898,0.5957331723060928,0.618003545855234,0.9995325583750507,0.999871674472104
1.18,0.2567577817040266,0.26219284412477756,0.5951691372531394,0.6167734908223963,0.9995202141667966,0.999862945254377
1.185,0.2559608264714519,0.26119922968168396,0.5946474786006978,0.6156027469352332,0.9995077754081869,0.9998540317465235
1.19,0.25513506351768134,0.260209549480913,0.5941309279481484,0.614503297308055,0.9994952015512331,0.9998449600807131
1.195,0.2543030797597905,0.25922693326750906,0.5936418730262825,0.6134849798822057,0.9994825436581857,0.9998357527422874
1.2,0.25345874505920446,0.25825375566406616,0.5931733866174393,0.6125547111824227,0.9994698072604895,0.9998264285350927
1.205,0.25260101038892296,0.257291945909627,0.592721286754746,0.6117173628630512,0.9994570210171705,0.9998170025050696
1.21,0.25173088555942974,0.2563430440976021,0.5922894565914592,0.6109761433260072,0.9994441727742593,0.9998074858854293
1.215,0.2508490247094683,0.2554077483017849,0.591878613055599,0.6103312049915806,0.9994312659278106,0.9997978861956738
1.22,0.24995604135101093,0.25448606425344433,0.5914899506330444,0.6097799869705459,0.9994183036708479,0.9997882073654439
1.225,0.24905260809723181,0.2535778629970116,0.5911239154942073,0.609319199648428,0.9994052900864828,0.9997784498450223
1.23,0.2481389487777671,0.25268239369391193,0.5907810921729431,0.6089435336077041,0.9993922322524992,0.999768611009974
1.235,0.2472161460765173,0.25179803246368637,0.5904621347195799,0.6086445114649252,0.9993791380885783,0.9997586856895726
1.24,0.24628509741506766,0.25092331759225844,0.5901675805001201,0.6084140172091229,0.9993660156072172,0.9997486665004099
1.245,0.24534674677960416,0.2500568349840363,0.5898979019407473,0.6082444281298025,0.9993528728376382,0.9997385444263965
1.25,0.24440210399123855,0.24919622995472845,0.5896535353201027,0.6081249233808576,0.9993397178700734,0.9997283096855426
1.255,0.24345225768995898,0.2483394092023895,0.5894348755466635,0.6080451772226014,0.9993265588804039,0.9997179521570069
1.26,0.2424983199843123,0.24748525597038562,0.5892422833316718,0.6079988464101717,0.9993134041270416,0.9997074617819921
1.265,0.2415414511047273,0.24663188075780057,0.5890760792486355,0.6079769975939909,0.9993002619178569,0.9996968295542957
1.27,0.2405828650924043,0.24577747184565135,0.5889365410187674,0.6079703051669427,0.9992871405775117,0.9996860477876198
1.275,0.23962379528580094,0.24492167610071433,0.5888238997799627,0.607975114991333,0.9992740484150674,0.9996751101656903
1.28,0.23866549335581821,0.2440636938745918,0.5887383383034949,0.6079861808306931,0.9992609936976639,0.9996640124259363
1.285,0.23770924431559484,0.24320302389695783,0.5886799898485422,0.6079989613830211,0.999247984626075,0.9996527524599682
1.29,0.23675634179888125,0.24234031863595448,0.5886489375746727,0.6080123189364182,0.9992350293121075,0.9996413300961475
1.295,0.2358080752633705,0.24147572176199322,0.5886452143014921,0.6080249299862542,0.9992221357572406,0.999629747314561
1.3,0.2348657435412309,0.24061043598321916,0.5886688027308459,0.6080365080169249,0.999209311832671,0.9996180080167026
1.305,0.2339306448405724,0.23974535657412385,0.5887196351487753,0.6080483773575961,0.9991965652604728,0.9996061177905444
1.31,0.2330040584382138,0.238882460999244,0.588797594201337,0.6080619255214694,0.9991839035963657,0.999594083729145
1.315,0.23208724882060366,0.2380226083165981,0.5889025145408128,0.6080795551867476,0.9991713342165426,0.999581914172504
1.32,0.2311814762001711,0.237168787994384,0.589034183045319,0.6081036753151031,0.9991588642969419,0.9995696183677469
1.325,0.23028796836354612,0.23632132695266833,0.5891923393583971,0.608137586210679,0.9991465008026507,0.9995572062787457
1.33,0.2294079066654231,0.2354845111576447,0.5893766802924865,0.6081835555176938,0.9991342504748331,0.9995446882154772
1.335,0.22854247345649406,0.23465699448007066,0.5895868611540096,0.608245668100834,0.9991221198218729,0.9995320747224757
1.34,0.2276928307421724,0.23384567089592712,0.5898224923121645,0.6083250460867562,0.9991101151061857,0.999519376171365
1.345,0.22686004111349153,0.2330443696621099,0.5900831457124774,0.6084273987587785,0.9990982423350786,0.9995066028693603
1.35,0.2260451472311158,0.23226592081093425,0.5903683658130118,0.6085508450950801,0.9990865072509423,0.9994937643500125
1.355,0.22524924376578961,0.2315044576974896,0.5906776526154967,0.6087001664932699,0.9990749153203378,0.999480869718829
1.36,0.22447327006349124,0.2307636320591222,0.5910104720614466,0.6088760767421394,0.999063471728705,0.9994679276717209
1.365,0.22371813614272174,0.2300417643275562,0.5913662710898004,0.6090808427754192,0.9990521813715565,0.9994549462101164
1.37,0.2229847646051312,0.2293467145738625,0.5917444679062892,0.6093134383377636,0.9990410488469028,0.9994419323329872
1.375,0.22227400082205445,0.22867114654283133,0.5921444448997921,0.6095769541600383,0.9990300784458165,0.9994288922785453
1.38,0.22158660730813481,0.22802759327096833,0.5925655702428452,0.6098676592807973,0.9990192741478441,0.9994158314177467
1.385,0.22092334402982253,0.22739294121838466,0.5930071975873273,0.6101945004410014,0.999008639613808,0.9994027552857144
1.39,0.22028493292617024,0.22680595510401397,0.5934686491917766,0.6105416306099829,0.9989981781322788,0.9993896665548256
1.395,0.21967200736532766,0.22624410670173478,0.5939492416134292,0.610917204047829,0.9989878927178077,0.9993765677128067
1.4,0.219085173469105,0.22570439101749878,0.5944482790610522,0.6113205827829545,0.9989777860495139,0.999363461751723
1.405,0.21852498633462045,0.22519353889359875,0.5949650556265149,0.6117483776198903,0.9989678604527552,0.9993503509550676
1.41,0.21799196879441396,0.2247075200824928,0.5954988520428067,0.6122010055540924,0.9989581178941004,0.9993372367511394
1.415,0.21748658182407557,0.22425449191881336,0.5960489512364368,0.6126732724099812,0.9989485600260698,0.999324120004732
1.42,0.21700925522827336,0.22384176006468184,0.5966146225832325,0.613160865773184,0.9989391880773378,0.9993110009630174
1.425,0.2165603669196771,0.22343192722156197,0.5971951413046167,0.613675927613722,0.9989300029002276,0.9992978800415986
1.43,0.21614026335733033,0.2230531898422988,0.5977897760032528,0.6142070358841406,0.9989210049693077,0.9992847577298837
1.435,0.21574923261051,0.22270379189393594,0.5983978074875609,0.6147523501459204,0.9989121943858106,0.9992716334253597
1.44,0.2153875473992492,0.22239484362877474,0.5990185114146235,0.6153074375953652,0.9989035708652685,0.9992585060101359
1.445,0.2150554303522662,0.22211110855553148,0.5996511748777197,0.6158750363379427,0.9988951337250022,0.9992453748454896
1.45,0.21475306755291118,0.2218555437740558,0.6002950923996629,0.6164532148336153,0.9988868818782725,0.9992322394594959
1.455,0.21448061594816045,0.22162687861693167,0.6009495714788147,0.6170406735383731,0.9988788138283482,0.9992190994362521
1.46,0.21423821289519657,0.2214248646590188,0.6016139206707938,0.6176370052071326,0.9988709276610072,0.99920595413651
1.465,0.21402594730004448,0.22125115419257008,0.6022874740928431,0.6182400107958677,0.9988632210403101,0.9991928029408078
1.47,0.21384388998907594,0.2211041690293869,0.6029695711890961,0.6188501737415179,0.9988556912019387,0.9991796451126914
1.475,0.21369208409973503,0.2209863798210793,0.6036595724250648,0.6194654032786661,0.9988483348901113,0.9991664799291679
1.48,0.21357055972208444,0.22089416889374006,0.6043568522309428,0.6200869636281452,0.9988411484879629,0.9991533066054156
1.485,0.2134793073665501,0.2208367389055213,0.6050608103814192,0.6207135276049447,0.9988341279383647,0.9991401226468389
1.49,0.2134183126411471,0.22080793292319642,0.6057708553119279,0.6213453388216429,0.9988272687233719,0.9991269272082061
1.495,0.2133875317645823,0.22080542288514288,0.6064864285781408,0.6219815798541476,0.9988205658635322,0.9991137206565962
1.5,0.21338691737770643,0.22082678419198637,0.6072069850027033,0.6226216562739028,0.9988140139770304,0.9991005029463303
1.505,0.2134163919834362,0.22087454937011483,0.6079320031058298,0.6232659780299785,0.9988076071470877,0.9990872718537737
1.51,0.21347587687717043,0.22095004619648165,0.6086609787868867,0.6239147398191092,0.9988013389853242,0.9990740250861861
1.515,0.21356526723605684,0.22105361350217262,0.6093934558198076,0.6245680285103555,0.9987952026412746,0.9990607603878356
1.52,0.21368446265915236,0.22118522975594362,0.6101289739889335,0.6252258940590107,0.99878919080828,0.9990474750947467
1.525,0.21383333349778716,0.2213448100369781,0.6108671238088768,0.625888360063276,0.9987832957188062,0.9990341668064472
1.53,0.2140117617037669,0.22153232481056795,0.611607485485696,0.6265554715655233,0.9987775090708946,0.9990208328708449
1.535,0.2142195921417636,0.2217477729126057,0.6123497347189748,0.6272272709921572,0.9987718221784194,0.9990074697406726
1.54,0.21445669439801404,0.2219910903701108,0.6130934873083942,0.6279037938844704,0.9987662258866564,0.9989940737084301
1.545,0.214722894380026,0.22226223599260386,0.6138384724471776,0.6285850363871118,0.998760710560463,0.9989806402878524
1.55,0.21501804547968462,0.2225610845933075,0.6145843527099273,0.6292710066742958,0.9987552660877521,0.9989671649208669
1.555,0.21534195141601015,0.2228875490809201,0.6153309300879538,0.6299616464548601,0.9987498818928822,0.9989536424362344
1.56,0.2156944502652523,0.22324146280135074,0.6160779084502539,0.6306569065185769,0.9987445469393652,0.9989400672528066
1.565,0.21607532298862933,0.2236226748850702,0.6168251577833552,0.6313566917983748,0.9987392497408922,0.9989264333858138
1.57,0.2164843911959693,0.22403096885856533,0.6175724203913046,0.6320609071272115,0.9987339783618714,0.9989127344174424
1.575,0.2169214076473666,0.22446612576790873,0.6183196306715932,0.6327694322713802,0.9987287204311708,0.9988989634722394
1.58,0.21738615981225676,0.22492789320611908,0.6190666048724789,0.6334821331699315,0.9987234631446743,0.9988851132458985
1.585,0.21787840476983944,0.2254159842691999,0.6198132892137093,0.6341988744561344,0.998718193277085,0.9988711760309078
1.59,0.2183978927533029,0.2259300969436784,0.6205595644256816,0.6349195198671778,0.9987128971901508,0.9988571437317922
1.595,0.21894432833377225,0.22646990134138684,0.621305453573012,0.6356439345966582,0.998707560849169,0.998843007874184
1.6,0.21951743137279864,0.227035039912084,0.6220508621537536,0.6363719910614529,0.9987021698312674,0.9988287596167826
1.605,0.22011687231384244,0.2276251337605934,0.6227958663373134,0.6371035735302207,0.9986967093439921,0.9988143897663754
1.61,0.22074233432331342,0.22823978131855005,0.6235404103988883,0.6378385814100199,0.9986911642347717,0.9987998887983431
1.615,0.22139343478483164,0.228878550626941,0.6242846298872967,0.638576928975735,0.9986855190139569,0.9987852468737921
1.62,0.22206981275292012,0.22954099050636803,0.6250284960169833,0.6393185515801468,0.998679757865691,0.9987704538575451
1.625,0.22277102942704807,0.23022663005358107,0.6257721934199035,0.6400634074126363,0.9986738646737772,0.9987554993340034
1.63,0.22349667381232066,0.23093496318280618,0.6265157183654664,0.6408114718063691,0.9986678230340552,0.9987403726264459
1.635,0.2242462418778721,0.23166546307005942,0.6272593007987323,0.6415627393958296,0.9986616162835804,0.9987250628140809
1.64,0.22501926581248521,0.23241758521856082,0.6280029574564979,0.6423172346004764,0.9986552275146265,0.9987095587495283
1.645,0.22581517118275046,0.23319075037711,0.6287469540603748,0.6430749971172577,0.998648639606545,0.9986938490782395
1.65,0.2266334277775354,0.23398434991073452,0.6294913245247333,0.6438360736313655,0.9986418352415031,0.9986779222561125
1.655,0.22747338602340408,0.23479776136077038,0.6302363608179876,0.6446005441899805,0.9986347969386685,0.9986617665629913
1.66,0.22833433227988176,0.2356303227804554,0.6309820999480069,0.6453684935198807,0.9986275033656584,0.9986453701163552
1.665,0.22921569599671585,0.23648134626110737,0.6317287000776245,0.6461400130750811,0.998619940543959,0.9986287208951444
1.67,0.2301167486116962,0.2373501205112169,0.6324765343569813,0.6469152059447151,0.9986120910145777,0.9986118067845016
1.675,0.23103672605582118,0.2382359018615578,0.6332256801647839,0.6476941752273445,0.9986039366733869,0.9985946155592491
1.68,0.2319748609987256,0.239137917610627,0.6339765495408783,0.648477024443002,0.9985954611572969,0.9985771349084781
1.685,0.23293032513872536,0.24005536063931376,0.6347289718705109,0.6492638372926971,0.998586645845658,0.9985593524664401
1.69,0.23390224732096065,0.24098737762159486,0.635483330238846,0.6500546327063963,0.9985774722320601,0.9985412558616674
1.695,0.23488971631796815,0.24193305870045678,0.6362396635980226,0.6508493359766455,0.9985679221960426,0.9985228327848767
1.7,0.23589173471844352,0.24289144055121326,0.6369982241864991,0.6516477733674232,0.9985579780070285,0.9985040710636301
1.705,0.23690733470026265,0.24386150689640976,0.6377589168384301,0.6524496824231779,0.9985476221949386,0.9984849587456812
1.71,0.23793544051557255,0.24484220106796153,0.6385217091614362,0.6532547321218884,0.9985368376458176,0.9984654841717627
1.715,0.23897489514795528,0.24583243018556458,0.6392865308714158,0.6540625374585063,0.9985256076417862,0.9984456360319778
1.72,0.24002453530546464,0.24683107116143876,0.6400531497033628,0.6548726693049021,0.9985139159510283,0.9984254034153053
1.725,0.2410832105762395,0.2478369742153251,0.6408212300029029,0.655684656915495,0.9985017468861869,0.9984047758773945
1.73,0.2421496663462104,0.24884896875405782,0.6415905590462362,0.6564979958420417,0.9984890853730201,0.9983837434765311
1.735,0.24322263049085033,0.24986586689913334,0.6423608024492231,0.6573121513790404,0.9984759170967648,0.9983622967173447
1.74,0.24430083530786778,0.250886466722335,0.6431315457172859,0.6581265648603342,0.9984622283417964,0.9983404267009052
1.745,0.24538298772561074,0.2519095573059758,0.6439023896893954,0.6589406527811424,0.9984480061389475,0.9983181251397076
1.75,0.24646777278728088,0.2529339238399577,0.6446728963896436,0.659753818791246,0.9984332383306306,0.9982953843515995
1.755,0.24755386800155268,0.2539583500595385,0.6454426085211471,0.6605654515103605,0.9984179136012409,0.9982721973058658
1.76,0.24863995295216876,0.25498162668482566,0.6462110283400491,0.6613749279842666,0.9984020213941749,0.9982485576833049
1.765,0.24972469887148557,0.2560025490251371,0.6469776571672647,0.6621816274054656,0.9983855521611473,0.9982244598708021
1.77,0.2508067890177948,0.25701992797054096,0.6477419740460774,0.662984922135644,0.9983684973207956,0.9981998989625406
1.775,0.2518849188009711,0.2580325868385015,0.64850343870645,0.6637841857382354,0.9983508492104132,0.998174870770222
1.78,0.2529577927042689,0.25903936921555054,0.6492615112427106,0.6645787939676678,0.9983326010934565,0.9981493718434749
1.785,0.2540241334430812,0.26003914055520116,0.6500156432176376,0.665368131274039,0.9983137471863845,0.9981233994838992
1.79,0.2550826910300121,0.26103079251529826,0.6507652735457474,0.666151586202276,0.9982942826867784,0.9980969517527606
1.795,0.256132238802999,0.26201324436615175,0.6515098448785602,0.6669285597839932,0.9982742037857121,0.9980700274745167
1.8,0.2571715769581711,0.26298544634527665,0.6522488033828142,0.6676984646063939,0.9982535076717978,0.99804262624078
1.805,0.2581995427219208,0.26394638411878824,0.6529815909811165,0.6684607295836976,0.9982321925338016,0.9980147484077644
1.81,0.2592150098838768,0.2648950787960319,0.6537076554482719,0.6692147927167379,0.9982102575588506,0.9979863950951191
1.815,0.26021688775657315,0.26583058749350164,0.6544264564223945,0.6699601168810033,0.9981877029283168,0.9979575681803703
1.82,0.2612041293583214,0.2667520110848248,0.655137458575249,0.6706961794371532,0.9981645298145831,0.9979282702935196
1.825,0.2621757339616307,0.26765849086352783,0.6558401355966516,0.6714224775802166,0.9981407403740702,0.9978985048092847
1.83,0.2631307445298995,0.26854920985551906,0.6565339783279727,0.6721385195141588,0.9981163377357789,0.997868275835436
1.835,0.264068252708685,0.26942339470198595,0.6572184909966822,0.6728438568807606,0.9980913259894423,0.9978375881998417
1.84,0.2649874027787245,0.27028032644513234,0.6578931908383087,0.6735380402178234,0.9980657101714552,0.9978064474377273
1.845,0.26588738918381233,0.27111931940154693,0.6585576155588675,0.6742206497744402,0.9980394962466319,0.9977748597755111
1.85,0.2667674587039246,0.2719397435778312,0.6592113228041424,0.6748912816575916,0.9980126910889687,0.997742832109511
1.855,0.26762691447370696,0.27274101556153935,0.6598538875346068,0.6755495842415348,0.9979853024612421,0.9977103719923636
1.86,0.268465114186506,0.2735226044511596,0.6604849072823863,0.6761951787106097,0.9979573389910348,0.9976774876137623
1.865,0.269281470246552,0.2742840152241687,0.6611040039989738,0.6768277556392345,0.9979288101450834,0.9976441877728478
1.87,0.27007545308358955,0.27502482043412196,0.6617108209187722,0.6774469920315703,0.997899726202989,0.9976104818574022
1.875,0.27084659007876355,0.2757446183707875,0.6623050252153709,0.6780526363914086,0.9978700982282497,0.9975763798451157
1.88,0.2715944644101263,0.27644307890345016,0.6628863109939087,0.678644385745495,0.9978399380373076,0.9975418922499243
1.885,0.27231871731387036,0.277119914945882,0.6634543967693888,0.6792220651017953,0.9978092581681539,0.997507030061638
1.89,0.2730190475797669,0.27777488551984236,0.664009025864453,0.679785398171473,0.9977780718471746,0.9974718047546263
1.895,0.27369520964987365,0.2784077833266395,0.6645499694311477,0.6803342667113985,0.9977463929540552,0.9974362282790727
1.9,0.2743470146755614,0.2790184857440793,0.6650770249964496,0.6808684272864338,0.9977142359862682,0.9974003130250212
1.905,0.2749743303570398,0.27960686052691536,0.6655900153591924,0.6813878433179246,0.9976816160225983,0.9973640717893835
1.91,0.2755770787228025,0.28017291614767414,0.666088790839614,0.6818922635823109,0.997648548685064,0.9973275177427624
1.915,0.27615523596875546,0.28071659156094236,0.6665732288613546,0.6823817503059798,0.9976150501004266,0.9972906644082721
1.92,0.2767088323315633,0.28123794530219975,0.6670432321328114,0.6828561422666313,0.9975811368613751,0.9972535255950351
1.925,0.27723794988181394,0.28173705149965134,0.6674987297888229,0.6833154499289172,0.9975468259866138,0.9972161154252489
1.93,0.2777427212523122,0.282214075583181,0.6679396776198789,0.6837595538227673,0.9975121348806216,0.9971784482679612
1.935,0.2782233292027504,0.2826691352492367,0.6683660562084638,0.6841886299490333,0.99747708129356,0.9971405387174863
1.94,0.27868000460098064,0.2831025254410247,0.6687778709541942,0.6846024805471482,0.9974416832806772,0.997102401560086
1.945,0.2791130243142957,0.28351437119840484,0.6691751525137751,0.6850014598008096,0.9974059591615478,0.997064051742744
1.95,0.279522710139905,0.28390516332786575,0.6695579552272812,0.6853852236684304,0.9973699274798278,0.9970255043440112
1.955,0.27990942698734267,0.28427492197043347,0.6699263563344471,0.6857544413779205,0.9973336069630828,0.996986774544697
1.96,0.2802735802897689,0.28462447666207225,0.670280456189145,0.6861084472264439,0.9972970164827074,0.9969478775966907
1.965,0.28061561415171704,0.28495351610345354,0.6706203771068963,0.6864484653658433,0.9972601750146224,0.9969088287958742
1.97,0.2809360095462317,0.2852635344769195,0.6709462620906775,0.6867731362892705,0.9972231016005788,0.996869643447622
1.975,0.2812352816315314,0.2855533797389297,0.6712582746496634,0.6870848145718335,0.9971858153098488,0.9968303381666169
1.98,0.2815139771683425,0.2858252468573961,0.6715565978987367,0.6873813973461448,0.997148335201894,0.996790928816236
1.985,0.2817726724994836,0.28607847479383236,0.6718414331726175,0.6876643575342135,0.9971106802900709,0.9967514276614458
1.99,0.2820119709898905,0.2863145203224374,0.6721129993605048,0.6879335061940256,0.9970728695060506,0.9967118500519598
1.995,0.2822325000278311,0.2865326918056294,0.6723715321323018,0.6881897832225781,0.9970349216653489,0.9966722105735185
2.0,0.28243490824065876,0.28673547851058984,0.6726172829618323,0.6884322920477254,0.9969968554168442,0.996632524895511
